Emails,URL
mycoldstoneclub@kahalamgmt.com,coldstonecreamery.com
info@hersheyicecream.com,hersheyicecream.com
thescoop@ecreamery.com,ecreamery.com
info@genuineicecream.com,genuineicecream.com
beckie@serendipity-icecream.com,serendipity-icecream.com
bhuot@crescentridge.com,crescentridgedairybar.com
jason@freshlocalicecream.com,freshlocalicecream.com
backofthemenu@gmail.com,backofthemenu.com
info@brewstersnewbuffalo.com,brewstersnewbuffalo.com
ali@rubyschocolates.com,rubyschocolates.com
daphna@baktoflavors.com,baktoflavors.com
"mike@nextstepsmarketing.com,PublishersWeekly@omeda.com",publishersweekly.com
brent@baskinrobbinsoc.com,baskinrobbinsoc.com
info@butchershopbakecompany.com,butchershopbakecompany.com
lori@whoneedsacape.com,whoneedsacape.com
info@racecityusa.org,visitmooresville.com
"Publisher@coachellavalleyweekly.com,publisher@coachellavalleyweekly.com",coachellavalleyweekly.com
"sunset@omeda.com,readerletters@sunset.com",sunset.com
support@patch.com,patch.com
+91marketing@norex.in,norex.in
tips@billypenn.com,billypenn.com
jam@nervousnellies.com,nervousnellies.com
RHIC@havearosieday.com,havearosieday.com
"info@sausalitoferry.com,info@gamespeopleplay.toys",sausalitoferry.com
mainstreetnewnan@newnanga.gov,mainstreetnewnan.com
reception@cartersvillechamber.com,cartersvillechamber.com
hello@smooveicecream.com,smooveicecream.com
"sales@vaperoyalty.com,Sales@VapeRoyalty.com",vaperoyalty.com
SwirlsNCurlsIceCream@gmail.com,swirlsncurlsicecream.com
info@liberteegrounds.com,liberteegrounds.com
info@moltncookies.com,moltncookies.com
"mnolan@i-square.us,webmaster@i-square.us",i-square.us
info@summerlanega.com,summerlanega.com
hello@sugarpinecreamery.com,sugarpinecreamery.com
mail@coffeebytheroast.com,coffeebytheroast.com
BananasWallingford@gmail.com,bananasicecreamct.com
info@gollygs.com,gollygs.com
info@coppercoastconfections.com,coppercoastconfections.com
editor@northsalempost.com,northsalempost.com
"riu.snellville@gmail.com,rollitupicecream@gmail.com",rollitupicecream.com
icecream@colleensmedford.com,colleensmedford.com
info@teelconstruction.com,teelconstruction.com
fokkennuts@fokkennuts.com,fokkennuts.com
"support@clubexpress.com,sales@clubexpress.com,info@clubexpress.com",clubexpress.com
receptionist@maconroadvet.com,maconroadvet.com
snowflakeriverhead@gmail.com,snowflakeicecream.com
atozcreamery@gmail.com,atozcreamery.com
sales@TasteTheTropics.com,tastethetropics.com
kitchen@grazeatbrosters.co.uk,grazeatbrosters.co.uk
customerservices@timesargus.com,timesargus.com
info@superfreshgrowers.com,superfreshgrowers.com
info@lakanto.com,lakanto.com
info@allspiceonline.com,allspiceonline.com
bruisersdogs@gmail.com,bruisersdogs.com
"hsba@harvardsquare.com,djillson@harvardsquare.com,wmanley@harvardsquare.com,ahenley@harvardsquare.com",harvardsquare.com
CustomerService@FishEx.com,fishex.com
guestservices@marqueen.com,thetinlizzielounge.com
amphorabakery@amphoragroup.com,amphorabakery.com
contact@peacepieworld.comcontact@peacepieworld.com,peacepieworld.com
hello@loblollycreamery.com,loblollycreamery.com
tips@fox8.com,fox8.com
eat@sweetwynns.com,sweetwynns.com
azdelivery@iniusa.org,yourvalley.net
"NYC@alamodeshoppe.com,EastHampton@alamodeshoppe.com,support@alamodeshoppe.com,franchise@alamodeshoppe.com",alamodeshoppe.com
info@morellisices.com,morellisices.com
"thenewyorkcheesecakecompany@gmail.com,TheNewYorkCheesecakeCompany@gmail.com",thenewyorkcheesecakecompany.com
info@pinkcoyotedessertco.com,pinkcoyotedessertco.com
frankcommisso00@gmail.com,franksny.com
info@%74%72ansc%6F%6Cd.com,transcold.com
support@signnow.com,signnow.com
icecream@chillbros.com,chillbros.com
News@NorthcentralPa.com,northcentralpa.com
"info@monstermashnh.com,info@mysterynh.com",monstermashnh.com
Klavons@klavonsicecream.com,klavonsicecream.com
info@kellerhaus.com,kellerhaus.com
orders@getsuckered.com,getsuckered.com
@INFO@MONTGOMERYSICECREAM.COM,montgomerysicecream.com
support@terrilynn.com,terrilynn.com
news@fox40.com,fox40.com
bmorelicks@gmail.com,bmorelicks.com
"info@americanclassicicecream.com,order@americanclassicicecream.com ",americanclassicicecream.com
rochesterinn@yahoo.com,therochesterinn.com
subscribe@sltrib.com,sltrib.com
info@gardengorcer.com,gardengrocer.com
keith@thecone.com,thecone.com
support@bakedbags.com,bakedbags.com
 thecreamatduluth@gmail.com,thecreambakery.com
information@cremeshack.com,cremeshack.com
cremeicecreamco@gmail.com,cremeicecreamco.com
office@arethusafarmdairy.com,arethusafarm.com
support@company.com,huntsvillescoop.com
TheCRAVECookieCo@gmail.com,cravecookieco.com
info@honeycombcreamery.com,honeycombcreamery.com
"ka%79la@%74%68eo%72i%67ina%6cdish%2e%63om,ka%79%6ca@t%68eor%69%67in%61ldis%68.%63%6fm",theoriginaldish.com
info@eagle-fc.com,eagle-fc.com
info@ketofoods.com,ketofoods.com
reportit@wwlp.com,wwlp.com
debbyd5@verizon.net,crescentfarm.com
info@maxieb.com,maxieb.com
seasonpass@vailresorts.com,beavercreek.com
info@RedRoosterDriveIn.com,redroosterdrivein.com
hello@culinaryhill.com,culinaryhill.com
craftberrybush@yahoo.com,craftberrybush.com
hello@sarahshandmadeicecream.com,sarahshandmadeicecream.com
"HearstProducts@cdsfulfillment.com,membersupport@delish.com",delish.com
info@parlorsicecreams.com,parlorsicecreams.com
info@melticecreams.com,melticecreams.com
dawn@rivercitycompany.com,rivercitycompany.com
jessiesheehan@gmail.com,jessiesheehanbakes.com
sales@icetwister.com,icetwister.com
chestericecream@gmail.com,chestericecream.com
8fOfHixson@gmail.com,8fhixson.com
Hello@sweethazelandco.com,sweethazelandco.com
info@happydaydessertfactory.com,happydaydessertfactory.com
info@BethMaries.com,bethmaries.com
"hello@theideaslab.com,mag@theideaslab.com,careers@theideaslab.com",theideaslab.com
taste@oilandvinegarusa.com,oilandvinegarusa.com
lmeehan@timeslocalmedia.com,peoriatimes.com
office@theloftsatwestgate.com,theloftsatwestgate.com
"HungaHouse@gmail.com,info@hungahouse.com,sales@naturesupplies.co.uk",hungahouse.com
contact@doumars.com,doumars.com
customerservice@baydq.com,baydq.com
"info@sleiman.com,sashcraft@sleiman.com",sleiman.com
info@visitbrainerd.com,visitbrainerd.com
hello@littlegicecreamco.com,littlegicecreamco.com
info@blastfromthepastpizza.com,blastfromthepastpizza.com
mailto:hello@helloburlingtonvt.com,helloburlingtonvt.com
manager@heritagecreamery.com,heritagecreamery.com
support@erudus.com,erudus.com
info@mansionfarminn.com,mansionfarminn.com
asparkleofgenius@gmail.com,asparkleofgenius.com
info@doublescoopicecream.com,doublescoopicecream.com
exploreunioncountync@gmail.com,exploreunioncountync.com
assignmentdesk@wspa.com,wspa.com
"sales@annthegran.com,support@annthegran.com",annthegran.com
team@franchisehelp.com,franchisehelp.com
INFO@DIPPEDICECREAM.NET,dippedicecream.net
drizzledipsllc@gmail.com,drizzledips.com
"info@centralsmith.ca,orders@centralsmith.ca",centralsmith.ca
Store@NewHopeMills.com,newhopemills.com
htempleton1980@gmail.com,heathershomebakery.com
info@pfionline.com,pfionline.com
bakerssweets@outlook.com,bakerssweets.com
support@simmonsbank.com,simmonsbank.com
newsroom@wroctv.com,rochesterfirst.com
info@thenutteryny.com,thenutteryny.com
info@coldstoneultimatecatering.com,coldstoneultimatecatering.com
info@picketfencemedia.com,danapointtimes.com
orders@burkecandy.com,burkecandy.com
cafe@tinlizzys.com,tinlizzys.com
programming@azfamily.com,azfamily.com
"service@taylorfreezer.us,info@taylorfreezer.us",taylorfreezersales.com
ktvinews@tvstl.com,fox2now.com
support@roadtrippers.com,roadtrippers.com
 Help@mantry.com,mantry.com
smcc@cobbcounty.org,eastcobbnews.com
kathrynspata@nancysartisanal.com,nancysartisanal.com
support@sittercity.com,sittercity.com
Melissa@ecshospitality.com,thelolaaz.com
ICECREAMINFO@COMCAST.NET,mobileicecream.com
publicfile@whsv.com,whsv.com
greenlakesbowling@gmail.com,greenlakesbowling.com
"INFO@THEHOWARDOSHKOSH.COM,info@thehowardoshkosh.com",thehowardoshkosh.com
CustomerService@DylansCandyBar.com,dylanscandybar.com
info@editorji.com,editorji.com
brewsterfishhouse@gmail.com,brewsterfishhousecapecod.com
"hi@join-real.com,press@join-real.com",join-real.com
janssen@everyday-reading.com,everyday-reading.com
sales@honeysucklegelato.com,honeysucklegelato.com
support@drinktrade.com,drinktrade.com
"copyright@theodysseyonline.com,info@theodysseyonline.com",theodysseyonline.com
mail@destinchamber.com,destinchamber.com
info@rosesdurham.com,rosesdurham.com
"info@limelighthotels.com,reservations@limelighthotels.com,aspenreservations@limelighthotels.com,ketchumreservations@limelighthotels.com,snowmassreservations@limelighthotels.com,denverreservations@limelighthotels.com",limelighthotels.com
info@pastriesbyrandolph.com,pastriesbyrandolph.com
RhinosFroYo@rhinosfrozenyogurt.com,rhinosfrozenyogurt.com
"info@example.com,customerservice@dixiebelleic.com",dixiebelleicecream.com
heavenlyhavenscreamery@gmail.com,havenscreamery.com
contact@brewyonder.co.uk,brewyonder.co.uk
hi@letsshakeonitmilkshakes.com,letsshakeonitmilkshakes.com
hello@bornandbreadbakehouse.com,bornandbreadbakehouse.com
bellcafeva@gmail.com,bellcafe.net
andreaarthsells@gmail.com,arthrealestategroup.com
visitorinfo@travelportland.com,travelportland.com
store@applevalleycreamery.com,applevalleycreamery.com
personnel@homesteadicecream.com,homesteadicecream.com
anita@wildthistlekitchen.com,wildthistlekitchen.com
"Royersford@BarristersBagels.com,Pottstown@BarristersBagels.com",barristersbagels.com
support@nordvpn.com,nordvpn.com
DACFRealMaine@maine.gov,realmaine.com
jerichodrivein@aol.com,jerichodrive-in.com
thedenverhousewife@gmail.com,thedenverhousewife.com
info@mcconnells.com,mcconnells.com
info@coneflowercreamery.com,coneflowercreamery.com
Coleman@superheroesicecream.com,superheroesicecream.com
"letters@time.com,feedback@time.com",time.com
"members@amysicecreams.com,howdy@amysicecreams.com",amysmagazine.com
"mark@southlakechamber.com,tracy@southlakechamber.com,info@southlakechamber.com",southlakechamber.com
"info@kvaser.com,sales.us@kvaser.com,sales.eu@kvaser.com,sales.cn@kvaser.com,sales.asia@kvaser.com,nfo@kvaser.com",kvaser.com
sundaescoopva@gmail.com,sundaescoopva.com
katie@forksandfolly.com,forksandfolly.com
admin@vapecityusa.com,vapecityusa.com
"Bruce@BroostersSD.com,Kim@BroostersSD.com",broosterscookbook.com
customercare@flavordynamics.com,flavordynamics.com
terri@terristeffes.com,terristeffes.com
info@georgetowndc.com,georgetowndc.com
hello@magpiessoftserve.com,magpiessoftserve.com
fabasweetshop@gmail.com,fabasweetshop.com
webdesk@krqe.com,krqe.com
%20BowieTownCenter@wpgus.com,bowietowncenter.com
Jerry@VMVBrands.com,scoutology.com
customer.service@producersdairy.com,producersdairy.com
contact@sweetleesicecream.com,sweetleesicecream.com
Paul@ScoopsIceCream.com,scoopsicecream.com
orders@oneononeflavors.com,oooflavors.com
hello@marcoicecream.com,marcoicecream.com
info@localiciousicecream@gmail.com,localiciouscaribbeanicecream.com
megseverydayinduglence@gmail.com,megseverydayindulgence.com
info@brewmen.coffee,brewmen.coffee
info@twoscoopscreamery.com,twoscoopscreamery.com
info@visitoakpark.com,visitoakpark.com
info@cookiegood.com,cookiegood.com
Flavors@flavorsicecream.net,flavorsicecream.net
frostnroll@gmail.com,frostnroll.com
strongislandicecream@gmail.com,strongislandicecream.net
teddrewes@sbcglobal.net,teddrewes.com
sales@koolerice.com,koolerice.com
mykitchendrawer@hotmail.co.uk,mykitchensdrawer.com
web@umark.wisc.edu,wisc.edu
anthony@sshomesmi.com,sshomesmi.com
walrus@walrusicecream.com,walrusicecream.com
info@thegolfdome.com,thegolfdome.com
support@topcreamery.com,topcreamery.com
sales@runutsco.com,runutsco.com
fujisushi101@gmail.com,fujihanaeastcobb.com
orders@spreadthesweetness.com,spreadthesweetness.com
chris@gindos.com,gindos.com
support@candyfavorites.com,candyfavorites.com
SALES@pinkpelicanpcb.com,pinkpelicanpcb.com
"info@highpointcreamery.com,wholesale@highpointcreamery.com",highpointcreamery.com
info@CarriesCrispies.com,carriescrispies.com
info@kloverup.com,kloverup.com
info@chelseascashews.com,chelseascashews.com
sales@yourwebsite.com,mimms.com
service@famousitalianices.com,famousitalianices.com
privacy@cvent.com,cvent.com
info@cherryrepublic.com,cherryrepublic.com
info@gallellire.com,gallellire.com
matt@flapdoodlesicecream.com,flapdoodlesicecream.com
info@ladiperie.com,ladiperie.com
tripssupport@theculturetrip.com,theculturetrip.com
info@brewsterbelt.com,brewsterbelt.com
jroberts@fortwortharchitecture.com,fortwortharchitecture.com
"service@zingermans.com,bizgifts@zingermans.com",zingermans.com
shay@icecreamery.net,icecreamery.net
info@chefscater.com,chefscater.com
info@earnesticecream.com,earnesticecream.com
"brewersbar@brewersbar.comcastbiz.net,Brewersbar@brewersbar.comcastbiz.net",brewersbarandgrill.com
"info@growthzone.com,support@growthzone.com,gzsupport@growthzone.com,marketing@growthzone.com",chambermaster.com
info@southerncityflavors.com,southerncityflavors.com
orders@roserockcreamery.com,roserockmicrocreamery.com
info@annebonnyswilmington.com,annebonnyswilmington.com
"info@atlantaicecream.net,INFO@ATLANTAICECREAM.NET",atlantaicecream.net
Events@EBalbany.com,ebalbany.com
info@thelmastreats.com,thelmastreats.com
"support@empirelearning.com,ice@4ice.com",4ice.com
staff@knoxfocus.com,knoxfocus.com
"icecream@atomiccreamery.com,hireme@atomiccreamery.com",atomiccreamery.com
helpline@npc.ie,webwise.ie
info@redliondata.com,redliondata.com
support@freshlypreserved.com,freshlypreserved.com
info@newcitymicrocreamery.com,newcitymicrocreamery.com
ghw@bell.net,ghwholesale.ca
feedback@ymiclassroom.com,ymiclassroom.com
bakery@thecheesecakefactory.com,thecheesecakefactorybakery.com
cakeballinbygina@gmail.com,cakeballinbygina.com
"corporate@yumiicecream.com ,dfw@yumiicecream.com ,austin@yumiicecream.com ,houston@yumiicecream.com ,sanantonio@yumiicecream.com",yumiicecream.com
info@bloomskosher.com,bloomskosher.com
vha@smooveshop.com,smooveshop.com
shane@cammackstation.com,cammackstation.com
news@wcbi.com,wcbi.com
info@sweetdreamstastytreats.com,sweetdreamstastytreats.com
"jamie@maddogscreamery.com,evin@maddogscreamery.com",maddogscreamery.com
pressinquiries@medium.com,medium.com
nyceats2@gmail.com,newyorkcity-eats.com
info@iceandcream.com,iceandcream.com
questions@foodinstitute.com,foodinstitute.com
info@actionziplinetours.com,actiontourscalifornia.com
piesandcakesrva@gmail.com,piesandcakes.com
Info.lasvegas@vh-lv.com,virginhotelslv.com
amanda@theicecreamstand.com,theicecreamstand.com
#,brewsterrestaurant.com
info@vgnet.com,virginiabeach.guide
equipment@turnkeyparlor.com,freezerplanet.com
SPVNews@SevernaParkVoice.com,severnaparkvoice.com
foodydata.com@gmail.com,foodydata.com
info@franchiseclique.com,franchiseclique.com
joe.carroll@wane.com,wane.com
brossmanfarmstand@gmail.com,brossmansfarm.com
cherryfarm@sunairgolf.com,cherryfarmcreamery.com
basicgoodwellness@gmail.com,basicgoodwellness.com
"contact@aggdata.com,support@aggdata.com",aggdata.com
hannah@oneboat.com,corollaguide.com
support@rebelcreamery.com,rebelcreamery.com
customerservice@froyoearth.com,froyoearth.com
carnivalkake@gmail.com,carnivalcakesny.com
info@websterfurniture.com,websterfurniture.com
info@huntersvilleicecreamshop.com,huntersvilleicecreamshop.com
dbuc1@aol.com,pricebusters.furniture
grofarms@gmail.com,grochowiczfarms.com
news@fox5sandiego.com,fox5sandiego.com
hello@goodthymekitchen.com,goodthymekitchen.com
"support@simplybook.me,legal@simplybook.me",simplybook.me
icecreamfactoryfairport@gmail.com,icecreamfactoryfairport.com
thebakingspoon@gmail.com,thebakingspoon.com
sweetsbysquishy@gmail.com,sweetsbysquishy.com.au
info@wereparentsblog.com,wereparents.com
info@berkscountyliving.com,berkscountyliving.com
info@jdelkadams.com,grandbaby-cakes.com
info@boothbaylodging.com,boothbaylodging.com
info@sweetcharlies.com,sweetcharlies.com
info@lacremacoffeecompany.com,lacremacoffeecompany.com
equipment@turnkeyparlor.com,turnkeyparlor.com
info@hayloftdecatur.com,hayloftdecatur.com
fredicecreamfudge@outlook.com,fredicecream.com
info@icecreamclub.com,icecreamclub.com
publisher@ashburnmagazine.com,ashburnmagazine.com
skating.brewstericearena@gmail.com,brewsterskating.com
"Valleyicecreamshop@gmail.com,valleyicecreamshop@gmail.com",valleyicecreamshop.com
hello@waterbutlers.com,waterbutlers.com
hello@overthetopiowa.com,overthetopiowa.com
buzzme@bitememore.com,bitememore.com
info@beachsideice.com,beachsideice.com
info@poppophurray.com,poppophurray.com
news.comments@wvlt-tv.com,wvlt.tv
support@buzzfeed.com,tasty.co
"MoonandbackFrozen@gmail.com,moonandbackfrozen@gmail.com",moonandbackfrozen.biz
sweetsavorygrace@gmail.com,thesweetsavorylife.com
info@dangsoftserve.com,dangsoftserve.com
melissa@drmelissalieberman.com,drmelissalieberman.com
info@bumblebeeicecream.com,bumblebeeicecream.com
info@budbarn.com,budbarnma.com
egarrett@bonneville.com,ktar.com
%20info@embassyvets.com,embassyvets.com
"cookielicious@xtra.co.nz,info@email.com",cookielicious.co.nz
bscruggs@FifeAndDruminn.com ,fifeanddruminn.com
info@cafealtura.com,cafealtura.com
halls@hallsicecream.com,hallsicecream.com
info@twoscoopsmn.com,twoscoopsmn.com
info@hopandstuff.com,hopandstuff.com
officemanager@fingerlakescoffee.com,fingerlakescoffee.com
BestRewardsPrograms@gmail.com,bestrewardsprograms.com
info@whittierchamber.com,whittierchamber.com
info@giornihome.it,giornihome.it
shop@cream.shop,cream.shop
hrcompliance@ups.com,jobs-ups.com
"Skating.BrewsterIceArena@Gmail.com,BIAHockeyDirector@GMAIL.COM,info@brewstericearena.com,BREWSTERICEARENA@AOL.COM",brewstericearena.com
whippedcreamerytreats@gmail.com,whippedcreamerytreats.com
jgnews@jg.net,journalgazette.net
Eat@TheIceCreamPlace.net,theicecreamplace.net
contact@dogclt.com,dogclt.com
flayvorsicecream@gmail.com,flayvors.com
james@gobestbiz.com,dickslastresort.com
bigdponyrides11@gmail.com,icecreamtruckva.com
Contact-cm@cincinnatimagazine.com,cincinnatimagazine.com
parker@parkersplate.com,parkersplate.com
thecreameryicecream@gmail.com,citycreameryicecream.com
proshop@destira.com,destira.com
rebecca@homemakershabitat.com,homemakershabitat.com
curlysicecream@gmail.com,curlysicecream.com
President@culpeperchamber.com,culpeperchamber.com
"info@allcitycandy.com,Info@allcitycandy.com",allcitycandy.com
BreakingNews@kron4.com,kron4.com
"yalla@albidc.com,reservations@albidc.com,william@albidc.com",albidc.com
info@rockwellicecream.com,rockwellicecream.com
contact@thehappyhourfinder.com,thehappyhourfinder.com
info@yummycomb.com,yummycomb.com
hello@nowita.co.uk,nowita.co.uk
info@chainxy.com,chainxy.com
publicfiles@wabi.tv,wabi.tv
"a%6d%65@%6eutr%69%74i%6f%6emy%66o%6fd.%63%6f%6d,am%65%40nut%72itionmyfood%2eco%6d",nutritionmyfood.com
thescoop@nelsonsicecream.biz,nelsonsicecream.biz
"samples@stantoncarpet.com,cs@stantoncarpet.com",stantonb2b.com
scott@cabanaicecream.com,cabanaicecream.com
info@yorkmaze.com,yorkmazehallowscream.co.uk
tji@thejenkinsinstitute.com,thejenkinsinstitute.com
danielfooddiary@gmail.com ,danielfooddiary.com
recetas@plasticwebs.com,cocina-boliviana.com
mpoorman@mrstickys.net,mrstickys.net
customerservice@delrealfoods.com,delrealfoods.com
suitesinquiry@desertdiamondarena.com,desertdiamondarena.com
Info@janesicecream.com,janesicecream.com
help@justapinch.com,justapinch.com
info@netsinsicecream.com,netsinsicecream.com
emily@kirtlandcreamery.com,kirtlandcreamery.com
kristin@turquoisetable.com,theturquoisetable.com
contactus@indexjournal.com,indexjournal.com
info@mckinneychamber.com,mckinneychamber.com
newsdesk3@wfsb.com,wfsb.com
GrandCentralCreamery@yahoo.com,grandcentralcreamery.com
indulge@rococoicecream.com,rococoicecream.com
theicecreamxperience@gmail.com,theicecreamxperience.com
info@happytails.com,happytails.com
hello@boltandbruizers.com,boltandbruizers.com
david@apexchamber.com,apexchamber.com
hello@brit.co,brit.co
amy@storypaintings.net,storypaintings.net
info@tinpotcreamery,tinpotcreamery.com
sundae@sundaeschool.com,sundaeschool.com
atthepicketfence@gmail.com,atthepicketfence.com
news@wmbb.com,mypanhandle.com
info@sweetsicecream.com,sweetsicecream.com
BONITABEACHSWEETS@GMAIL.COM,bonitabeachsweets.com
jluetjen@bangordailynews.com,bangordailynews.com
roscustard@gmail.com,roscustardcreations.com
delicious@thepennyicecreamery.com,thepennyicecreamery.com
admin@imamother.com,imamother.com
info@sonicrendezvous.com,sonicrendezvous.com
"sales@elevatorpartssupply.com,info@elevatorpartssupply.com",elevatorpartssupply.com
Appointemnts@drfoot..biz,drfoot.biz
digital@qcnews.com,qcnews.com
contact@southernplate.com,southernplate.com
orders@mychocolatesoul.com,mychocolatesoul.com
3cattre@gmail.com,3catsfoodie.com
paige@thekitchenrd.com,thekitchenrd.com
info@pelaicecream.com,pelaicecream.com
yummytreatsinc@aol.com,yummytreatsicecream.com
"sue@thegoodhartgroup.com,allison@thegoodhartgroup.com",thegoodhartgroup.com
ritasofsanjose@gmail.com,ritasofsanjose.com
info@spragueandcurtis.com,spragueandcurtis.com
"stellashomemadeicecream@gmail.com,stellasinconway@gmail.com",stellas-icecream.com
info@deerfieldicecreamfactory.com,deerfieldicecreamfactory.com
<p>customerservice@joffreys.com</p>
<p>Wholesale Inquiries: wholesale@joffreys.com</p>,joffreys.com
info@sweetlifedesserts.com,sweetlifedesserts.com
Info@LancasterCountyCoffee.com,lancastercountycoffee.com
Confused@gonebananasbread.com,gonebananasbread.com
chefn@lifetimebrands.com,chefn.com
lindsayshandmadect@gmail.com,lindsayshandmade.com
help@stonestreetcoffee.com,stonestreetcoffee.com
feedback@thedrive.com,thedrive.com
helpdesk@alaska.edu,alaska.edu
tammy.greene@wrdw.com,wrdw.com
aroundmyfamilytable@gmail.com,aroundmyfamilytable.com
support@lull.com,lull.com
mcsdino@gmail.com  /  mcsdino@163.com,mcsdino.com
support@hdmediallc.com,herald-dispatch.com
"pinkmamasicecream@gmail.com,Pmicpickwick@gmail.com",pinkmamasicecream.com
info@browndogicecream.com,browndogicecream.com
lumidessertcafe@gmail.com,lumidessertcafe.com
online-services@lolliandpops.com,lolliandpops.com
"Manager@gingerbreadfactory.com,manager@gingerbreadfactory.com",gingerbreadfactory.com
parker@foodnessgracious.com,foodnessgracious.com
ultimateaville@gmail.com,ultimateicecreamavl.com
themamamaven@gmail.com,themamamaven.com
sales@thecocoabeancompany.com,thecocoabeancompany.com
hannah@oneboat.com,ocracokeguide.com
llong@kpcmedia.com,fwbusiness.com
info@thebutteredtin.com,thebutteredtin.com
"education@smolakfarms.com,events@smolakfarms.com,weddings@smolakfarms.com,farmstand@smolakfarms.com,office@smolakfarms.com,inform@smolakfarms.com",smolakfarms.com
info@trussvilletogo.com,trussvilletogo.com
info@scoopsnc.com,scoopsnc.com
info@cranberrydq.com,cranberrydq.com
hello@hounisice.com,hounisitalianice.com
highhopeskc@gmail.com,highhopeskc.com
"lorijfelix@gmail.com,LoriJFelix@gmail.com",morewithlesstoday.com
info@fruteroicecream.com,fruteroicecream.com
support@orionbarofficial.com,orionbarofficial.com
hello@sweetyicecream.com,sweetyicecream.com
"info@smooshcookies.com,smooshwc@smooshcookies.com,smooshcs@smooshcookies.com,smooshplantation@smooshcookies.com,canton@smooshcookies.com",smooshcookies.com
info@bbrsupply.com,bbrsupply.com
kristen@amindfullmom.com,amindfullmom.com
sales@fandom.com,gamespot.com
janwhitaker@verizon.net,restaurant-ingthroughhistory.com
submissions@chitheewed.com,chitheewed.com
abctampabay1@gmail.com,smallbatchcreamerystpete.com
admin@richardsonchamber.com,richardsonchamber.com
"dlopenzina@forbes.com,feedback@forbes.com,security@forbes.com",forbes.com
diamondxzmarks@gmail.com,zmarksthespot.com
joy@joythebaker.com,joythebaker.com
info@stillwellsicecream.com,stillwellsicecream.com
hello@majestycoffee.com,majestycoffee.com
corp@idlife.com,idlife.com
info@thelyndonfreighthouse.com,thelyndonfreighthouse.com
chancock@soul-grown.com,soul-grown.com
teo@teogelato.com,teogelato.com
"bookings@villagehallstanton.com,admin@villagehallstanton.com",villagehallstanton.com
fmtcc@fremontbusiness.com,fremontbusiness.com
Crmdesserts@gmail.com,creamsoftservebar.com
info@therealfruitcreamery.co.uk,therealfruitcreamery.co.uk
